sites_ID,Ref_number,Authors,Type,References,Voucher specimens
bor1001,1,Iserhard and Romanowski,Article,"Iserhard, C. A., Romanowski, H. P. 2004. Lista de espécies de borboletas (Lepidoptera: Papilionoidea & Hesperioidea) da região do vale do Rio Maquiné, Rio Grande do Sul, Brasil. Revista Brasileira de Zoologia 21(3): 649-662","Colecao de referencia do Laboratorio de Ecologia de Insetos, Departamento de zoologia, Universidade federal do Rio Grande do Sul"
bor1001,2,Santos et al,Article,"Santos, J. P., Iserhard, C. A., Teixeira, M. O., Romanowski, H. P. 2011.  Fruit-feeding butterflies guide of subtropical Atlantic Forest and Araucaria Moist Forest in State of Rio Grande do Sul, Brazil. Biota Neotropica, 11(3): 253-274.","Colecao de referencia do Laboratorio de Ecologia de Insetos, Departamento de zoologia, Universidade federal do Rio Grande do Sul"
bor1001,3,Freitas,Unpublished data,Personal database,"Museu de Zoologia Adao Jose Cardoso, Universidade Estadual de Campinas, Freitas A. V. L. collection"
bor1002,4,Iserhard et al,Article,"Iserhard, C. A., Quadros, M. T., Romanowski, H. P., Mendonca, M. S. 2010. Borboletas (Lepidoptera:Papilionoidea & Hesperioidea) ocorrentes em diferentes ambientes na  Floresta Ombrófila Mista e nos Campos de Cima da Serra do Rio Grande do Sul, Brasil. Biota Neotropica 10(1): 309-320.","Colecao de referencia do Laboratorio de Ecologia de Insetos, Departamento de zoologia, Universidade federal do Rio Grande do Sul"
bor1002,5,Santos et al,Article,"Santos, J. P., Iserhard, C. A., Teixeira, M. O., Romanowski, H. P. 2011.  Fruit-feeding butterflies guide of subtropical Atlantic Forest and Araucaria Moist Forest in State of Rio Grande do Sul, Brazil. Biota Neotropica, 11(3): 253-274.","Colecao de referencia do Laboratorio de Ecologia de Insetos, Departamento de zoologia, Universidade federal do Rio Grande do Sul"
bor1002,6,Freitas,Unpublished data,Personal database,"Museu de Zoologia Adao Jose Cardoso, Universidade Estadual de Campinas, Freitas A. V. L. collection"
bor1002,7,Richter et al,Thesis,"Richter, A. 2018. Estratificação vertical em borboletas frugivoras: diversidade taxonomica combinada a abordagem funcional e filogenetica em uma regiao de Mata Atlantica subtropical. M. S. Thesis, Universidade Federal de Pelotas","Colecao de referencia do Laboratorio de ecologia de Lepidoptera, Universidade Federal de Pelotas."
bor1003,8,Dessuy and Morais,Article,"Dessuy, M. B., Morais, A. B. B. 2007. Diversidade de borboletas (Lepidoptera: Papilionoidea & Hesperioidea) em fragmentos de Floresta Estacional Decidual em Santa Maria, Rio Grande do Sul, Brasil. Revista Brasileira de Zoologia, 24(1): 108-120.","Colecao de Referencia do Laboratorio de Interacoes Inseto-Planta, Departamento de Biologia, Universidade Federal de Santa Maria, Rio Grande do Sul"
bor1003,9,Spaniol and Morais,Article,"Spaniol, R. L., Morais, A. B. B. 2015. Borboletas frugívoras em área de transição ecológica do sul do Brasil (Lepidoptera: Nymphalidae). SHILAP Revista de Lepidopterologia 43: 27-40.","Colecao de Referencia do Laboratorio de Interacoes Inseto-Planta, Departamento de Biologia, Universidade Federal de Santa Maria, Rio Grande do Sul"
bor1004,10,Mielke 1994,Article,"Mielke, C. G. C. 1994. Papilionoidea e Hesperioidea (Lepidoptera) de Curitiba e seus arredores, Paraná, Brasil, com notas taxonômicas sobre Hesperiidae. Revista Brasileira de Zoologia 11(4): 759-776.",Not informed
bor1004,11,Freitas,Unpublished data,Personal database,"Museu de Zoologia Adao Jose Cardoso, Universidade Estadual de Campinas, Freitas A. V. L. collection"
bor1005,12,Brown,Unpublished data,Personal database,"Museu de Zoologia Adao Jose Cardoso, Universidade Estadual de Campinas"
bor1006,13,Dolibaina et al,Article,"Dolibaina, D. R., Mielke, O. H. H., Casagrande, M. M. 2011. Borboletas de Guarapuava e arredores, Paraná, Brasil: um inventário com base em 63 anos de registros. Biota Neotropica 11(1): 341-354.","Colecao particular de Hipolito Schneider, Museu de Ciencias Naturais de Guarapuava, Unicentro, Colecao Padre Jesus Santiago Moure, Universidade Federal do Parana"
bor1007,14,Almeida et al,Article,"Almeida, G. S. S., Souza, C. L., Marques, E. E. 1986. Levantamento preliminar das espécies de borboletas (Rhopalocera) de ocorrência em Maringá (PR): I. Papilionoidea. Revista Unimar, 8(1): 29-36.",Not informed
bor1008,15,Garcia-Salik et al,Article,"Garcia-Salik, L. M., Carneiro, E., Dolibaina, D. R., Dias, F. M. S., Ribeiro-Leite, L. A., Casagrande, M. M., Mielke, O. H. H. 2014. Borboletas da Estação Ecológica do Caiuá, Diamante do Norte, Paraná, Brasil (Lepidoptera: Hesperioidea & Papilionoidea). SHILAP Revista de Lepidopterologia 42(166): 265-280.","Colecao Entomologica Padre Jesus Santiago Moure, Universidade Federal do Parana"
bor1008,16,Freitas,Unpublished data,Personal database,"Museu de Zoologia Adao Jose Cardoso, Universidade Estadual de Campinas, Freitas A. V. L. collection"
bor1009,17,Thiele et al,Article,"Thiele, S. C., Milcharek, O., Santos, F. L., Kaminski, L. A. 2014. Butterflies (Lepidoptera: Hesperioidea and Papilionoidea) of Porto Mauá, Upper Paraná Atlantic Forest Ecoregion, Rio Grande do Sul State, Brazil. Biota Neotropica 14(2): 1-10.","Departamento de Zoologia, Universidade Federal do Rio Grande do Sul, Colecao Padre Jesus Santiago Moure, Universidade Federal do Parana, Museu de Zoologia Adao Jose Cardoso, Universidade Estadual de Campinas"
bor1010,18,Beltrami et al,Article,"Beltrami, L. C. C., Mielke, O. H. H., Casagrande, M. M., Carneiro, E. 2014. The Hesperioidea and Papilionoidea (Lepidoptera) of São Luiz do Purunã, Balsa Nova, Paraná State, Brazil. Tropical Lepidoptera Research 24(1): 30-36.","Colecao Padre Jesus Santiago Moure, Universidade Federal do Parana"
bor1011,19,Graciotim and Morais,Article,"Graciotim, C., Morais, A. B. B. 2016. Borboletas frugívoras em Florestas de Mata Atlântica do Parque Nacional do Iguaçu, Paraná, Brasil (Lepidoptera: Nymphalidae). SHILAP 44(173): 115-128.","Colecao de Referencia do Laboratorio de Interacoes Inseto-Planta, Departamento de Biologia, Universidade Federal de Santa Maria, Rio Grande do Sul, Museu de Zoologia Adao Jose Cardoso, Universidade Estadual de Campinas"
bor1011,20,Brown,Unpublished data,Personal database,"Museu de Zoologia Adao Jose Cardoso, Universidade Estadual de Campinas"
bor1011,21,Greve,Unpublished data,Personal database,"Museu de Zoologia Adao Jose Cardoso, Universidade Estadual de Campinas"
bor1012,22,Corso and Hernandez,Article,"Corso, G., Hernandez, M. I. M. 2012.  Borboletas frugívoras da Mata Atlântica no Parque Estadual da Serra do Tabuleiro, Santa Catarina, Brasil. Biotemas 25(4): 139-148;","Colecao Entomologica do Centro de Ciencias Biologicas da Universidade Federal de Santa Catarina, Colecao Padre Jesus Santiago Moure, Universidade Federal do Parana"
bor1012,23,Carneiro et al,Article,"Carneiro, E., Mielke, O. H. H., Casagrande, M. M. 2008. Borboletas do sul da ilha de Santa Catarina, Brasil (Lepidoptera: Hesperioidea & Papilionoidea). SHILAP Revista de Lepidopterologia, 36(142): 261-271.","Colecao Padre Jesus Santiago Moure, Universidade Federal do Parana"
bor1013,24,Brown,Unpublished data,Personal database,"Museu de Zoologia Adao Jose Cardoso, Universidade Estadual de Campinas"
bor1013,25,Freitas,Unpublished data,Personal database,"Museu de Zoologia Adao Jose Cardoso, Universidade Estadual de Campinas, Freitas A. V. L. collection"
bor1014,26,Brown,Unpublished data,Personal database,"Museu de Zoologia Adao Jose Cardoso, Universidade Estadual de Campinas"
bor1014,27,Freitas,Unpublished data,Personal database,"Museu de Zoologia Adao Jose Cardoso, Universidade Estadual de Campinas, Freitas A. V. L. collection"
bor1015,28,Brown,Unpublished data,Personal database,"Museu de Zoologia Adao Jose Cardoso, Universidade Estadual de Campinas"
bor1016,29,Brown,Unpublished data,Personal database,"Museu de Zoologia Adao Jose Cardoso, Universidade Estadual de Campinas"
bor1017,30,Brown,Unpublished data,Personal database,"Museu de Zoologia Adao Jose Cardoso, Universidade Estadual de Campinas"
bor1018,31,Brown,Unpublished data,Personal database,"Museu de Zoologia Adao Jose Cardoso, Universidade Estadual de Campinas"
bor1018,32,Freitas,Unpublished data,Personal database,"Museu de Zoologia Adao Jose Cardoso, Universidade Estadual de Campinas, Freitas A. V. L. collection"
bor1019,33,Brown,Unpublished data,Personal database,"Museu de Zoologia Adao Jose Cardoso, Universidade Estadual de Campinas"
bor1019,34,Soares et al,Article,"Soares, A., Bizarro, J. M. S., Bastos, C. B., Tangerini, N., Silva, N. A., Silva, A. S., Silva, G. B. 2011. Preliminary analysis of the diurnal Lepidoptera fauna of the Três Picos State Park, Rio de Janeiro, Brazil, with a note on Parides ascanius (Cramer 1775). Tropical Lepidoptera Research 21(2): 66-79.",Not informed
bor1020,35,Brown,Unpublished data,Personal database,"Museu de Zoologia Adao Jose Cardoso, Universidade Estadual de Campinas"
bor1020,36,Soares et al,Article,"Soares, A., Bizarro, J. M. S., Bastos, C. B., Tangerini, N., Silva, N. A., Silva, A. S., Silva, G. B. 2011. Preliminary analysis of the diurnal Lepidoptera fauna of the Três Picos State Park, Rio de Janeiro, Brazil, with a note on Parides ascanius (Cramer 1775). Tropical Lepidoptera Research 21(2): 66-79.",Not informed
bor1021,37,Brown,Unpublished data,Personal database,"Museu de Zoologia Adao Jose Cardoso, Universidade Estadual de Campinas"
bor1021,38,Soares et al,Article,"Soares, A., Bizarro, J. M. S., Bastos, C. B., Tangerini, N., Silva, N. A., Silva, A. S., Silva, G. B. 2011. Preliminary analysis of the diurnal Lepidoptera fauna of the Três Picos State Park, Rio de Janeiro, Brazil, with a note on Parides ascanius (Cramer 1775). Tropical Lepidoptera Research 21(2): 66-79.",Not informed
bor1022,39,Brown,Unpublished data,Personal database,"Museu de Zoologia Adao Jose Cardoso, Universidade Estadual de Campinas"
bor1023,40,Brown,Unpublished data,Personal database,"Museu de Zoologia Adao Jose Cardoso, Universidade Estadual de Campinas"
bor1023,41,Fiorito,Unpublished data,Personal database,Not informed
bor1023,42,Soares et al,Article,"Soares, A., Bizarro, J. M. S., Bastos, C. B., Tangerini, N., Silva, N. A., Silva, A. S., Silva, G. B. 2011. Preliminary analysis of the diurnal Lepidoptera fauna of the Três Picos State Park, Rio de Janeiro, Brazil, with a note on Parides ascanius (Cramer 1775). Tropical Lepidoptera Research 21(2): 66-79.",Not informed
bor1024,43,Brown,Unpublished data,Personal database,"Museu de Zoologia Adao Jose Cardoso, Universidade Estadual de Campinas"
bor1024,44,Soares et al,Article,"Soares, A., Bizarro, J. M. S., Bastos, C. B., Tangerini, N., Silva, N. A., Silva, A. S., Silva, G. B. 2011. Preliminary analysis of the diurnal Lepidoptera fauna of the Três Picos State Park, Rio de Janeiro, Brazil, with a note on Parides ascanius (Cramer 1775). Tropical Lepidoptera Research 21(2): 66-79.",Not informed
bor1025,45,Brown,Unpublished data,Personal database,"Museu de Zoologia Adao Jose Cardoso, Universidade Estadual de Campinas"
bor1026,46,Brown,Unpublished data,Personal database,"Museu de Zoologia Adao Jose Cardoso, Universidade Estadual de Campinas"
bor1027,47,Brown,Unpublished data,Personal database,"Museu de Zoologia Adao Jose Cardoso, Universidade Estadual de Campinas"
bor1028,48,Brown,Unpublished data,Personal database,"Museu de Zoologia Adao Jose Cardoso, Universidade Estadual de Campinas"
bor1029,49,Brown,Unpublished data,Personal database,"Museu de Zoologia Adao Jose Cardoso, Universidade Estadual de Campinas"
bor1030,50,Brown,Unpublished data,Personal database,"Museu de Zoologia Adao Jose Cardoso, Universidade Estadual de Campinas"
bor1031,51,Brown,Unpublished data,Personal database,"Museu de Zoologia Adao Jose Cardoso, Universidade Estadual de Campinas"
bor1032,52,Brown,Unpublished data,Personal database,"Museu de Zoologia Adao Jose Cardoso, Universidade Estadual de Campinas"
bor1032,53,Freitas,Unpublished data,Personal database,"Museu de Zoologia Adao Jose Cardoso, Universidade Estadual de Campinas, Freitas A. V. L. collection"
bor1033,54,Brown,Unpublished data,Personal database,"Museu de Zoologia Adao Jose Cardoso, Universidade Estadual de Campinas"
bor1034,55,Brown,Unpublished data,Personal database,"Museu de Zoologia Adao Jose Cardoso, Universidade Estadual de Campinas"
bor1035,56,Brown,Unpublished data,Personal database,"Museu de Zoologia Adao Jose Cardoso, Universidade Estadual de Campinas"
bor1036,57,Brown,Unpublished data,Personal database,"Museu de Zoologia Adao Jose Cardoso, Universidade Estadual de Campinas"
bor1037,58,Brown,Unpublished data,Personal database,"Museu de Zoologia Adao Jose Cardoso, Universidade Estadual de Campinas"
bor1038,59,Brown,Unpublished data,Personal database,"Museu de Zoologia Adao Jose Cardoso, Universidade Estadual de Campinas"
bor1039,60,Brown,Unpublished data,Personal database,"Museu de Zoologia Adao Jose Cardoso, Universidade Estadual de Campinas"
bor1039,61,Freitas et al,Article,"Freitas, A. V. L., Brown, K. S., Mielke, O. H. H., Santos, J. P., Vasconcellos-Neto, J. 2016. In: Rolim, Samir Gonçalves, Menezes, Luis Fernando Tavares de, Srbek-Araujo, Ana Carolina. (Org.). Borboletas da Reserva Natural Vale, Linhares/ES. In Floresta Atlântica de Tabuleiro: Diversidade e Endemismos na Reserva Natural Vale.  Editora Rupestre, pp 317-328.","Museu de Zoologia Adao Jose Cardoso, Universidade Estadual de Campinas"
bor1040,62,Brown,Unpublished data,Personal database,"Museu de Zoologia Adao Jose Cardoso, Universidade Estadual de Campinas"
bor1040,63,Freitas,Unpublished data,Personal database,"Museu de Zoologia Adao Jose Cardoso, Universidade Estadual de Campinas, Freitas A. V. L. collection"
bor1041,64,Brown,Unpublished data,Personal database,"Museu de Zoologia Adao Jose Cardoso, Universidade Estadual de Campinas,"
bor1041,65,Lourenço,Unpublished data,Personal database,"Museu de Zoologia Adao Jose Cardoso, Universidade Estadual de Campinas,"
bor1041,66,Silva et al,Article,"Silva, A. R. M., Guimaraes, M. P. M., Vitalino, R. F., Bagni, A. S., Martins, Y. E., Cordeiro, A. M., Oliveira, E. G. 2010. Borboletas frugívoras do Parque Estadual do Rio Doce/MG. MG.Biota, 3(4): 5-21.","Colecao de referencia, Laboratorio de Sistematica e Ecologia de Abelhas, Instituto de Ciencias Biologicas, Universidade Federal de Minas Gerais"
bor1041,67,Freitas,Unpublished data,Personal database,"Museu de Zoologia Adao Jose Cardoso, Universidade Estadual de Campinas, Freitas A. V. L. collection"
bor1041,68,Santos,Unpublished data,Personal database,"Museu de Zoologia Adao Jose Cardoso, Universidade Estadual de Campinas"
bor1042,69,Brown,Unpublished data,Personal database,"Museu de Zoologia Adao Jose Cardoso, Universidade Estadual de Campinas"
bor1042,70,Brown and Mielke,Article,"Brown, K. S. & Mielke, O. H. H. 1968. Lepidoptera of the Central Brazil Plateau. III. Partial list for the Belo Horizonte area, showing the character of the south eastern “blend zone”. Journal of the Lepidopterists’ Society 22: 147–157.","Museu de Zoologia Adao Jose Cardoso, Universidade Estadual de Campinas"
bor1042,71,Soares et al,Article,"Soares, G. R., Oliveira, A. A. P., Silva, A. R. M. 2012. Borboletas (Lepidoptera: Papilionoidea e Hesperioidea) de um parque urbano em Belo Horizonte, Minas Gerais, Brasil. Biota Neotropica 12 (4): 209-217.",Coleção de invertebrados do Parque Municipal Américo Renê Giannetti
bor1042,72,Silva et al,Article,"Silva, A. R. M., Castro, C. O., Mafia, P. O., Mendonca, M. O. C., Alves, T. C. C., Beirao, M. V. 2012. Borboletas frugívoras (Lepidoptera: Nymphalidae) de uma área urbana (Área de Proteção Especial Manancial Cercadinho) em Belo Horizonte, Minas Gerais Brasil. Biota Neotropica 12(3): 292-297.","Coleção do Laboratório de Zoologia, Centro Universitário UNA, Belo Horizonte"
bor1043,73,Brown,Unpublished data,Personal database,"Museu de Zoologia Adao Jose Cardoso, Universidade Estadual de Campinas"
bor1043,74,Freitas,Unpublished data,Personal database,"Museu de Zoologia Adao Jose Cardoso, Universidade Estadual de Campinas, Freitas A. V. L. collection"
bor1044,75,Brown,Unpublished data,Personal database,"Museu de Zoologia Adao Jose Cardoso, Universidade Estadual de Campinas"
bor1044,76,Freitas,Unpublished data,Personal database,"Museu de Zoologia Adao Jose Cardoso, Universidade Estadual de Campinas, Freitas A. V. L. collection"
bor1045,77,Brown,Unpublished data,Personal database,"Museu de Zoologia Adao Jose Cardoso, Universidade Estadual de Campinas"
bor1045,78,Francini et al,Article,"Francini, R. B., Duarte, M., Mielke, O. H. H., Caldas, A.,  Freitas, A. V. L. 2011. Butterflies (Lepidoptera, Papilionoidea and Hesperioidea) of the ""Baixada Santista"" region, coastal São Paulo, southeastern Brazil. Revista Brasileira de Entomologia 55(1): 55-68.","Museu de Zoologia da Universidade de Sao Paulo, São Paulo"
bor1045,79,Freitas,Unpublished data,Personal database,"Museu de Zoologia Adao Jose Cardoso, Universidade Estadual de Campinas, Freitas A. V. L. collection"
bor1046,80,Brown,Unpublished data,Personal database,"Museu de Zoologia Adao Jose Cardoso, Universidade Estadual de Campinas"
bor1046,81,Francini et al,Article,"Francini, R. B., Duarte, M., Mielke, O. H. H., Caldas, A.,  Freitas, A. V. L. 2011. Butterflies (Lepidoptera, Papilionoidea and Hesperioidea) of the ""Baixada Santista"" region, coastal São Paulo, southeastern Brazil. Revista Brasileira de Entomologia 55(1): 55-68.","Museu de Zoologia da Universidade de Sao Paulo, São Paulo"
bor1046,82,Freitas,Unpublished data,Personal database,"Museu de Zoologia Adao Jose Cardoso, Universidade Estadual de Campinas, Freitas A. V. L. collection"
bor1047,83,Brown,Unpublished data,Personal database,"Museu de Zoologia Adao Jose Cardoso, Universidade Estadual de Campinas"
bor1047,84,Freitas,Unpublished data,Personal database,"Museu de Zoologia Adao Jose Cardoso, Universidade Estadual de Campinas, Freitas A. V. L. collection"
bor1047,85,Mielke and Mirna,Article,"Mielke, O. H. H., Casagrande, M. M. 1997. Papilionoidea e Hesperioidea (Lepidoptera) do Parque Estadual do Morro do Diabo, Teodoro Sampaio, São Paulo, Brasil. Revista Brasileira de Zoologia 14(4): 967-1001.","Colecao Entomologica Padre Jesus Santiago Moure, Universidade Federal do Parana"
bor1048,86,Brown,Unpublished data,Personal database,"Museu de Zoologia Adao Jose Cardoso, Universidade Estadual de Campinas"
bor1048,87,Brown,Book Chapter,"Brown, K. S. 1992. Borboletas da Serra do Japi: diversidade, habitats, recursos alimentares e variação temporal. In (L.P.C. Morellato org.), História natural da Serra do Japi: ecologia e preservação de uma área florestal no sudeste do Brasil, Editora da Unicamp, Campinas, p. 142- 187.","Museu de Zoologia Adao Jose Cardoso, Universidade Estadual de Campinas"
bor1048,88,Freitas,Unpublished data,Personal database,"Museu de Zoologia Adao Jose Cardoso, Universidade Estadual de Campinas, Freitas A. V. L. collection"
bor1048,89,Santos et al,Article,"Santos, J. P., Iserhard, C. A., Carreira, J. Y. O., Freitas, A. V. L. 2017. Monitoring fruit-feeding butterfly assemblages in two vertical strata in seasonal Atlantic Forest: temporal species turnover is lower in the canopy. Journal of Tropical Ecology, 33(5), 345-355.","Museu de Zoologia Adao Jose Cardoso, Universidade Estadual de Campinas"
bor1048,90,Carreira,Thesis,"Carreira, J. Y. O. 2015. Dinamica temporal e sazonalidade de borboletas frugivoras na Mata Atlantica. M. S. Thesis, Universidade Estadual de Campinas","Museu de Zoologia Adao Jose Cardoso, Universidade Estadual de Campinas"
bor1048,91,Gueratto,Thesis,"Gueratto, P. E. 2018. Estradas dentro de florestas afetam as comunidades de borboletas frugivoras? M. S. Thesis. Universidade Estadual de Campinas","Museu de Zoologia Adao Jose Cardoso, Universidade Estadual de Campinas"
bor1049,92,Uehara-Prado et al,Article,"Uehara-Prado, M., Freitas, A. V. L.,Francini, R. B., Brown, K. S. 2004. Guia das Borboletas Frugívoras da Reserva Estadual do Morro Grande e região de Caucaia do Alto, Cotia (São Paulo). Biota Neotropica 4:1-25.","Museu de Zoologia Adao Jose Cardoso, Universidade Estadual de Campinas"
bor1049,93,Freitas,Unpublished data,Personal database,"Museu de Zoologia Adao Jose Cardoso, Universidade Estadual de Campinas, Freitas A. V. L. collection"
bor1050,94,Brown,Unpublished data,Personal database,"Museu de Zoologia Adao Jose Cardoso, Universidade Estadual de Campinas"
bor1050,95,Ribeiro,Thesis,"Ribeiro, D. B. 2006. A guilda de borboletas frugívoras em uma paisagem fragmentada no Alto Paraíba, SP. M. S. Thesis, Universidade Estadual de Campinas, Campinas.","Museu de Zoologia Adao Jose Cardoso, Universidade Estadual de Campinas"
bor1050,96,Freitas,Unpublished data,Personal database,"Museu de Zoologia Adao Jose Cardoso, Universidade Estadual de Campinas, Freitas A. V. L. collection"
bor1051,97,Brown,Unpublished data,Personal database,"Museu de Zoologia Adao Jose Cardoso, Universidade Estadual de Campinas"
bor1051,98,Gomes Filho,Thesis,"Gomes Filho, Arlindo. 2003. A comunidade de borboletas frugivoras da reserva de Santa Genebra, Campinas, SP, com enfase na flutuação populacional de Anaea Ryphea (Cramer) (Nymphalidae : Charaxinae) e sua relação com as plantas hospedeiras. M. S. Thesis, Universidade Estadual de Campinas.","Museu de Zoologia Adao Jose Cardoso, Universidade Estadual de Campinas"
bor1051,99,Brown and Freitas,Article,"Brown, K.S. Jr & Freitas, A.V.L. 2003. Butterfly communities of urban forest fragments in Campinas, São Paulo, Brazil: structure, instability, environmental correlates, and conservation. Journal of Insect Conservation, 6, 217–231.","Museu de Zoologia Adao Jose Cardoso, Universidade Estadual de Campinas"
bor1052,100,Brown,Unpublished data,Personal database,"Museu de Zoologia Adao Jose Cardoso, Universidade Estadual de Campinas"
bor1052,101,Freitas,Unpublished data,Personal database,"Museu de Zoologia Adao Jose Cardoso, Universidade Estadual de Campinas, Freitas A. V. L. collection"
bor1053,102,Brown,Unpublished data,Personal database,"Museu de Zoologia Adao Jose Cardoso, Universidade Estadual de Campinas"
bor1053,103,Freitas,Unpublished data,Personal database,"Museu de Zoologia Adao Jose Cardoso, Universidade Estadual de Campinas, Freitas A. V. L. collection"
bor1054,104,Brown,Unpublished data,Personal database,"Museu de Zoologia Adao Jose Cardoso, Universidade Estadual de Campinas"
bor1054,105,Freitas,Unpublished data,Personal database,"Museu de Zoologia Adao Jose Cardoso, Universidade Estadual de Campinas, Freitas A. V. L. collection"
bor1055,106,Brown,Unpublished data,Personal database,"Museu de Zoologia Adao Jose Cardoso, Universidade Estadual de Campinas"
bor1056,107,Brown,Unpublished data,Personal database,"Museu de Zoologia Adao Jose Cardoso, Universidade Estadual de Campinas"
bor1056,108,Freitas,Unpublished data,Personal database,"Museu de Zoologia Adao Jose Cardoso, Universidade Estadual de Campinas, Freitas A. V. L. collection"
bor1057,109,Brown,Unpublished data,Personal database,"Museu de Zoologia Adao Jose Cardoso, Universidade Estadual de Campinas"
bor1057,110,Freitas,Unpublished data,Personal database,"Museu de Zoologia Adao Jose Cardoso, Universidade Estadual de Campinas, Freitas A. V. L. collection"
bor1058,111,Brown,Unpublished data,Personal database,"Museu de Zoologia Adao Jose Cardoso, Universidade Estadual de Campinas"
bor1059,112,Brown,Unpublished data,Personal database,"Museu de Zoologia Adao Jose Cardoso, Universidade Estadual de Campinas"
bor1059,113,Freitas,Unpublished data,Personal database,"Museu de Zoologia Adao Jose Cardoso, Universidade Estadual de Campinas, Freitas A. V. L. collection"
bor1060,114,Brown,Unpublished data,Personal database,"Museu de Zoologia Adao Jose Cardoso, Universidade Estadual de Campinas"
bor1061,115,Brown,Unpublished data,Personal database,"Museu de Zoologia Adao Jose Cardoso, Universidade Estadual de Campinas"
bor1061,116,Freitas,Unpublished data,Personal database,"Museu de Zoologia Adao Jose Cardoso, Universidade Estadual de Campinas, Freitas A. V. L. collection"
bor1062,117,Brown,Unpublished data,Personal database,"Museu de Zoologia Adao Jose Cardoso, Universidade Estadual de Campinas"
bor1062,118,Freitas,Unpublished data,Personal database,"Museu de Zoologia Adao Jose Cardoso, Universidade Estadual de Campinas, Freitas A. V. L. collection"
bor1063,119,Brown,Unpublished data,Personal database,"Museu de Zoologia Adao Jose Cardoso, Universidade Estadual de Campinas"
bor1064,120,Brown,Unpublished data,Personal database,"Museu de Zoologia Adao Jose Cardoso, Universidade Estadual de Campinas"
bor1064,121,Freitas,Unpublished data,Personal database,"Museu de Zoologia Adao Jose Cardoso, Universidade Estadual de Campinas, Freitas A. V. L. collection"
bor1065,122,Brown,Unpublished data,Personal database,"Museu de Zoologia Adao Jose Cardoso, Universidade Estadual de Campinas"
bor1065,123,Freitas,Unpublished data,Personal database,"Museu de Zoologia Adao Jose Cardoso, Universidade Estadual de Campinas, Freitas A. V. L. collection"
bor1066,124,Brown,Unpublished data,Personal database,"Museu de Zoologia Adao Jose Cardoso, Universidade Estadual de Campinas"
bor1067,125,Brown,Unpublished data,Personal database,"Museu de Zoologia Adao Jose Cardoso, Universidade Estadual de Campinas"
bor1067,126,Freitas,Unpublished data,Personal database,"Museu de Zoologia Adao Jose Cardoso, Universidade Estadual de Campinas, Freitas A. V. L. collection"
bor1068,127,Brown,Unpublished data,Personal database,"Museu de Zoologia Adao Jose Cardoso, Universidade Estadual de Campinas"
bor1068,128,Freitas,Unpublished data,Personal database,"Museu de Zoologia Adao Jose Cardoso, Universidade Estadual de Campinas, Freitas A. V. L. collection"
bor1069,129,Brown,Unpublished data,Personal database,"Museu de Zoologia Adao Jose Cardoso, Universidade Estadual de Campinas"
bor1069,130,Uehara-Prado,Unpublished data,Personal database,"Museu de Zoologia Adao Jose Cardoso, Universidade Estadual de Campinas"
bor1069,131,Freitas,Unpublished data,Personal database,"Museu de Zoologia Adao Jose Cardoso, Universidade Estadual de Campinas, Freitas A. V. L. collection"
bor1070,132,Brown,Unpublished data,Personal database,"Museu de Zoologia Adao Jose Cardoso, Universidade Estadual de Campinas"
bor1070,133,Uehara-Prado,Unpublished data,Personal database,"Museu de Zoologia Adao Jose Cardoso, Universidade Estadual de Campinas"
bor1070,134,Freitas,Unpublished data,Personal database,"Museu de Zoologia Adao Jose Cardoso, Universidade Estadual de Campinas, Freitas A. V. L. collection"
bor1071,135,Brown,Unpublished data,Personal database,"Museu de Zoologia Adao Jose Cardoso, Universidade Estadual de Campinas"
bor1071,136,Freitas,Unpublished data,Personal database,"Museu de Zoologia Adao Jose Cardoso, Universidade Estadual de Campinas, Freitas A. V. L. collection"
bor1072,137,Brown,Unpublished data,Personal database,"Museu de Zoologia Adao Jose Cardoso, Universidade Estadual de Campinas"
bor1073,138,Rosa,Unpublished data,Personal database,"Museu de Zoologia Adao Jose Cardoso, Universidade Estadual de Campinas"
bor1074,139,Rosa,Unpublished data,Personal database,"Museu de Zoologia Adao Jose Cardoso, Universidade Estadual de Campinas"
bor1075,140,Brown,Unpublished data,Personal database,"Museu de Zoologia Adao Jose Cardoso, Universidade Estadual de Campinas"
bor1075,141,Neves and Paluch,Article,"Neves, D. A., Paluch, M. 2016. Estrutura da comunidade de borboletas frugívoras na Mata Atlântica do litoral sul da Bahia (Brasil) (Lepidoptera: Nymphalidae). SHILAP Revista de Lepidopterologia 44(176): 593-606.","Laboratório de Sistemática e Conservação de Insetos, Setor de Ciências Biológicas, Universidade Federal do Recôncavo da Bahia, Cruz das Almas, BA."
bor1076,142,Brown,Unpublished data,Personal database,"Museu de Zoologia Adao Jose Cardoso, Universidade Estadual de Campinas"
bor1077,143,Brown,Unpublished data,Personal database,"Museu de Zoologia Adao Jose Cardoso, Universidade Estadual de Campinas"
bor1078,144,Brown,Unpublished data,Personal database,"Museu de Zoologia Adao Jose Cardoso, Universidade Estadual de Campinas"
bor1078,145,Freitas,Unpublished data,Personal database,"Museu de Zoologia Adao Jose Cardoso, Universidade Estadual de Campinas, Freitas A. V. L. collection"
bor1079,146,Brown,Unpublished data,Personal database,"Museu de Zoologia Adao Jose Cardoso, Universidade Estadual de Campinas"
bor1080,147,Brown,Unpublished data,Personal database,"Museu de Zoologia Adao Jose Cardoso, Universidade Estadual de Campinas"
bor1081,148,Brown,Unpublished data,Personal database,"Museu de Zoologia Adao Jose Cardoso, Universidade Estadual de Campinas"
bor1082,149,Brown,Unpublished data,Personal database,"Museu de Zoologia Adao Jose Cardoso, Universidade Estadual de Campinas"
bor1082,150,Paluch et al,Article,"Paluch, M., Mielke, O. H. H., Linhares, L. M., Silva, D. C. 2016. Butterflies (Lepidoptera: Papilionoidea and Hesperioidea) of the Private Reserve of Natural Heritage Fazenda Lontra/Saudade, Itanagra, Northern Coast of Bahia, Brazil. Biota Neotropica 16(1): e20140085.","Entomological collection, Universidade Federal do Reconcavo da Bahia, Cruz das Almas, Laboratorio de Sistematica e Conservacao de Insetos  and Colecao Entomologica Padre Jesus Santiago Moure, Universidade Federal do Parana"
bor1083,151,Brown,Unpublished data,Personal database,"Museu de Zoologia Adao Jose Cardoso, Universidade Estadual de Campinas"
bor1083,152,Cardoso,Article,"Cardoso, A. 1949. Lepidópteros de Alagoas. Revista de Entomologia 20: 427-436.",Personal collection
bor1084,153,Brown,Unpublished data,Personal database,"Museu de Zoologia Adao Jose Cardoso, Universidade Estadual de Campinas"
bor1084,154,Freitas,Unpublished data,Personal database,"Museu de Zoologia Adao Jose Cardoso, Universidade Estadual de Campinas, Freitas A. V. L. collection"
bor1084,155,Filgueiras,Thesis,"Filgueiras, B. K. C. 2015. Resposta dos besouros escarabeineos (Scarabaeidae) e borboletas frugivoras (Nymphalidae) a modificação de habitat na floresta atlantica nordestina. PhD Thesis, Universidade Federal de Pernambuco",Not informed
bor1085,156,Brown,Unpublished data,Personal database,"Museu de Zoologia Adao Jose Cardoso, Universidade Estadual de Campinas"
bor1086,157,Paluch et al,Article,"Paluch, M., Mielke, O. H. H., Nobre, C. E. B., Casagrande, M. M., Melo, D. H. A., Freitas, A. V. L. 2011. Butterflies (Lepidoptera: Papilionoidea and Hesperioidea) of the Parque Ecológico João Vasconcelos Sobrinho, Caruaru, Pernambuco, Brazil. Biota Neotropica 11(4): 229-238.","Entomological collection of  Universidade Federal de Pernambuco, Recife, Colecao Padre Jesus Santiago Moure, Universidade Federal do Parana"
bor1087,158,Melo,Thesis,"Melo, D. H. A. 2014. Efeito da fragmentação de habitat sobre borboletas frugivoras (Lepidoptera: Nymphalidae) na floresta atlantica nordestina. M. S. Thesis, Universidade Federal de Pernambuco","Entomological collection of  Universidade Federal de Pernambuco, Recife, Museu de Zoologia Adao Jose Cardoso, Universidade Estadual de Campinas"
bor1087,159,Freitas,Unpublished data,Personal database,"Museu de Zoologia Adao Jose Cardoso, Universidade Estadual de Campinas, Freitas A. V. L. collection"
bor1088,160,Brown,Unpublished data,Personal database,"Museu de Zoologia Adao Jose Cardoso, Universidade Estadual de Campinas"
bor1089,161,Araujo,Thesis,"Araujo, P. F. 2016. Estruturação espaço-temporal, funcional e filogenetica de borboletas frugivoras em diferentes estratos verticais de uma Floresta Estacional Semidecidual. M. S. Thesis, Universidade Federal de Mato Grosso do Sul.",Colecao Cientifica do Laboratorio de Zoologia da Universidade Federal de Mato Grosso do Sul
bor1090,162,Biezanko,Article,"Biezanko, M. C. 1949. Acraeidae, Heliconiidae et Nymphalidae de Pelotas e seus arredores (Contribuição ao conhecimento da fisiografia do Rio Grande do Sul). Pelotas, Livraria Globo. 16 pp.",NA
bor1091,163,Beirao,Thesis,"Beirao, M. V. 2016. Distribuição espaço-temporal de borboletas frugívoras em ambientes tropicais sazonais. PhD Thesis, Universidade Federal de Minas Gerais.",Coleção da Universidade Federal de Minas Gerais
bor1092,164,Nunez-Bustos,Article,"Nunez-Bustos, E. O. 2008. Diversidad de Mariposas Diurnas em la Reserva Privada Yacutinga, Provincia Misiones, Argentina (Lepidoptera: Hesperioidea y Papilionoidea)",Coleccion entomologica de la Estacion Biologica de la Reserva Privada Yacutinga
bor1093,165,Nunez-Bustos,Article,"Nunez-Bustos, E. O. 2009. Mariposas diurnas (Lepidoptera: Papilionoidea y Hesperioidea) del Parque Nacional Iguazu, Provincia de Misiones, Argentina. Tropical Lepidoptera Research, 19(2): 71-81.",NA
bor1094,166,Nunez-Bustos et al,Article,"Nunez-Bustos, E. O., Favre, P., Bertolini, M. P.,  Turner, J. D., Sourakov, A. 2011. Mariposas diurnas (Lepidoptera: Papilionoidea y Hesperioidea) de la Reserva Privada Osununu-Parque Provincial Teyu Cuare y alrededores de Sna Ignacio, Provincia de Misiones, Argentina. Tropical Lepidoptera Research 21(1): 34-42.",NA
bor1095,167,Mielke et al,Article,"Mielke, O. H. H., Casagrande, M. M., Dolibaina, D. R., Carneiro, E., Dias, F. M. S., Leite, L. A. R. 2011. Borboletas (Lepidoptera: Hesperioidea e Papilionoidea) de Jaguariaiva, Parana, Brasil: Inventario em um enclave de cerrado meridional. Coletânea de Pesquisa do Parque Estadual de Vila Velha, Cerrado e Guartelá. pp 295-308.",NA
bor1096,168,Brown,Unpublished data,Personal database,"Museu de Zoologia Adao Jose Cardoso, Universidade Estadual de Campinas"
bor1097,169,Brown,Unpublished data,Personal database,"Museu de Zoologia Adao Jose Cardoso, Universidade Estadual de Campinas"
bor1098,170,Brown,Unpublished data,Personal database,"Museu de Zoologia Adao Jose Cardoso, Universidade Estadual de Campinas"
bor1098,171,Pereira et al,Article,"Pereira, G. C.N., Coelho, M. S., Beirao, M. V., Braga, R. F., Fernandes, G. W. 2017. Diversity of fruit-feeding butterflies in a mountaintop archipelago of rainforest. Plos One 12(6): e0180007",NA
bor1099,172,Brown,Unpublished data,Personal database,"Museu de Zoologia Adao Jose Cardoso, Universidade Estadual de Campinas"
bor1099,173,Silva et al,Article,"Silva, A. R. M., Pontes, D. V., Guimaraes, M. P., Oliveira, M. V., Assis, L. T. F., Uehara-Prado, M. 2015. Fruit-feeding butterflies (Lepidoptera: Nymphalidae) of the Area de Protecao Especial Manancial Mutuca, Nova Lima and Species list for the region of Belo Horizonte, Minas Gerais, Brazil. Biota Neotropica 15(3): e20140118.","Laboratorio de Zoologia, Centro Universitario UNA, Belo Horizonte"
bor1100,174,Brown,Unpublished data,Personal database,"Museu de Zoologia Adao Jose Cardoso, Universidade Estadual de Campinas"
bor1101,175,Brown,Unpublished data,Personal database,"Museu de Zoologia Adao Jose Cardoso, Universidade Estadual de Campinas"
bor1102,176,Brown,Unpublished data,Personal database,"Museu de Zoologia Adao Jose Cardoso, Universidade Estadual de Campinas"
bor1102,177,Ribeiro et al,Unpublished data,"Ribeiro, D. B., Iserhard, C. A., Barbosa, E. P., Santos, J. P., Brown, K. S., Freitas, A. V. L. 2012.  Inventario das borboletas da Estacao Ecologica de Jatai, Sao Paulo.","Museu de Zoologia Adao Jose Cardoso, Universidade Estadual de Campinas"
bor1103,178,Brown,Unpublished data,Personal database,"Museu de Zoologia Adao Jose Cardoso, Universidade Estadual de Campinas"
bor1104,179,Brown,Unpublished data,Personal database,"Museu de Zoologia Adao Jose Cardoso, Universidade Estadual de Campinas"
bor1105,180,Brown,Unpublished data,Personal database,"Museu de Zoologia Adao Jose Cardoso, Universidade Estadual de Campinas"
bor1106,181,Brown,Unpublished data,Personal database,"Museu de Zoologia Adao Jose Cardoso, Universidade Estadual de Campinas"
bor1107,182,Brown,Unpublished data,Personal database,"Museu de Zoologia Adao Jose Cardoso, Universidade Estadual de Campinas"
bor1108,183,Brown,Unpublished data,Personal database,"Museu de Zoologia Adao Jose Cardoso, Universidade Estadual de Campinas"
bor1109,184,Pedrotti et al,Article,"Pedrotti, V. S., Barros, M. P., Romanowski, H. P., Iserhard, C. A. 2011. Borboletas frugivoras (Lepidoptera: Nymphalidae) ocorrentes em um fragmento de Floresta Ombrofila Mista no Rio Grande do Sul, Brasil. Biota Neotropica 11(1): 385-390.",Coleção de Referência de Lepidoptera do Departamento de Zoologia da Universidade Federal do Rio Grande do Sul
bor1110,185,Iserhard,Unpublished data,Personal database,Not informed
bor1111,186,Gawlinski,Unpublished data,Personal database,Not informed
bor1112,187,Iserhard,Unpublished data,Personal database,Not informed
bor1112,188,Bellaver et al,Article,"Bellaver, J., Iserhard, C. A., Santos, J. P., Silva, A. K., Torres, M., Siewert, R. R., Moser, A., Romanowski, H. P. 2012. Borboletas (Lepidoptera: Papilionoidea e Hesperioidea) de Matas Paludosas e Matas de Restinga da Planicie Costeira da regiao sul do Brasil. Biota Neotropica 12(4): 181-190.",NA
bor1113,189,Uehara-Prado,Unpublished data,Personal database,"Museu de Zoologia Adao Jose Cardoso, Universidade Estadual de Campinas"
bor1114,190,Romanowski et al,Unpublished data,BorbRS database,"Coleção de Lepidoptera do Departamento de Zoologia, Universidade Federal do Rio Grande do Sul"
bor1114,191,Moser,Unpublished data,Personal database,Alfred Moser Lepidoptera Collection (CLAM)
bor1115,192,Romanowski et al,Unpublished data,BorbRS database,"Coleção de Lepidoptera do Departamento de Zoologia, Universidade Federal do Rio Grande do Sul"
bor1115,193,Schantz,Thesis,"Schantz, A. A. 2000. Levantamento da Diversidade de Borboletas (Lepidoptera; Rhopalocera), no Parque Estadual do Turvo, RS e no Parque Estadual de Itapuã, RS. M. S. Thesis, Universidade Federal do Rio Grande do Sul","Coleção de Lepidoptera do Departamento de Zoologia, Universidade Federal do Rio Grande do Sul"
bor1115,194,Teixeira,Thesis,"Teixeira, E. C. 2003. A diversidade de borboletas (Lepidoptera: Rhopalocera) como elemento de caracterização de diferentes ambientes do Parque Estadual de Itapuã, RS. M. S. Thesis, Universidade Federal do Rio Grande do Sul","Coleção de Lepidoptera do Departamento de Zoologia, Universidade Federal do Rio Grande do Sul"
bor1115,195,Marchiori,Thesis,"Marchiori, M. O. O. 2012. Composição e variação da assembléia de borboletas (Lepidoptera: Papilionoidea, Hesperioidea) ao longo do dia em matas de restinga e matas de araucária, Rio Grande do Sul, Brasil.","Coleção de Lepidoptera do Departamento de Zoologia, Universidade Federal do Rio Grande do Sul"
bor1115,196,Fucilini,Thesis,"Fucilini, L. L. 2014. Avaliação do Efeito de Diferentes Iscas na Captura de Borboletas Frugívoras e Diversidade da Assembleia de Borboletas Frugívoras do Parque Estadual de Itapuã, Viamão, Rio Grande do Sul, Brasil. M. S. Thesis, Universidade Federal do Rio Grande do Sul","Coleção de Lepidoptera do Departamento de Zoologia, Universidade Federal do Rio Grande do Sul"
bor1115,197,Brown,Unpublished data,Personal database,"Museu de Zoologia Adao Jose Cardoso, Universidade Estadual de Campinas"
bor1116,198,Zikan,Unpublished data,Personal database,Not informed
bor1117,199,Moser,Unpublished data,Personal database,Alfred Moser Lepidoptera Collection (CLAM)
bor1118,200,Romanowski et al,Unpublished data,BorbRS database,"Coleção de Lepidoptera do Departamento de Zoologia, Universidade Federal do Rio Grande do Sul"
bor1118,201,Camargo,Thesis,"Camargo F. 2006. Avaliação da fauna de borboletas de seis áreas verdes de Porto Alegre, RS. M. S. Thesis, Universidade Federal do Rio Grande do Sul","Coleção de Lepidoptera do Departamento de Zoologia, Universidade Federal do Rio Grande do Sul"
bor1118,202,Castro,Thesis,"Castro, D. 2008. Diversidade de borboletas (LEPIDOPTERA PAPILIONOIDEA E HESPERIOIDEA) em três morros graníticos de Porto Alegre, RS. M. S. Thesis, Universidade Federal do Rio Grande do Sul","Coleção de Lepidoptera do Departamento de Zoologia, Universidade Federal do Rio Grande do Sul"
bor1118,203,Teixeira,Monograph (TCC),"Teixeira, M. O. 2005. Diversidade de Borboletas em duas áreas da Reserva Biológica do Lami, Porto Alegre, RS. Trabalho de conclusao de curso, Universidade Federal do Rio Grande do Sul","Coleção de Lepidoptera do Departamento de Zoologia, Universidade Federal do Rio Grande do Sul"
bor1119,204,Zacca et al,Article,"Zacca, T., Bravo, F., Araujo, M. X.  2011. Butterflies (Lepidoptera: Papilionoidea and Herperioidea) from Serra da Jiboia, Bahia State, Brazil. EntomoBrasilis 4(3): 139-143.","Entomological Collection Prof. Johann Becker, Museu de Zoologia, Universidade Estadual de Feira de Santana"
bor1119,205,Paluch,Unpublished data,Personal database,"Entomological Collection Prof. Johann Becker, Museu de Zoologia, Universidade Estadual de Feira de Santana"
bor1120,206,Ebert,Article,"Ebert, H. 1969. On the frequency of butterflies in eastern Brazil, with a list of butterfly fauna of Poços de Caldas, Minas Gerais. J. Lepid. Soc. 23(suplem. 3):1-48.",Not informed
bor1120,207,Freitas,Unpublished data,Personal database,Personal collection
bor1121,208,Brito et al,Article,"Brito, M. M., Ribeiro, D. B., Raniero, M., Hasui, E., Ramos, F. N., Arab, A. 2014. Functional composition and phenology of fruit-feeding butterflies in a fragmented landscape: variation of seasonality between habitat specialists. Journal of Insect Conservation, 18(4): 547-560.",Entomology collection of Universidade Federal de Alfenas
bor1122,209,Paluch,Unpublished data,Personal database,Not informed
